province_id,province_name,year,PDRB_resmi,konsumsi_perkapita,NTL_mean,IPM,jumlah_penduduk,pct_informal,tax_realization,NO2_median,pct_pertanian,ln_NTL,ln_NO2,ln_konsumsi,ln_penduduk,const,PDRB_lights,w_official,Y_target,Y2_geospatial,true_PDRB,underreporting_rate,shadow_economy,pct_shadow,true_PDRB_lower,true_PDRB_upper,tax_potential,tax_gap,pct_tax_gap,tax_gap_lower,tax_gap_upper
1,Aceh,2019,164163.0,1619155.55,79753.02,71.9,5316300,57.12,1902.77,0.021173081,29.51,11.286689888268661,-3.855024668288678,14.297415305870413,15.486288130631547,1,146192.12619296878,0.4667662434652726,154580.3234516652,154165.34,171491.40373231974,0.08109505956724777,7328.403732319741,4.464101979325269,91640.72694926738,3406124.4399057943,2030.8844407341987,128.11444073419875,6.308307758164873,-817.5160312976423,38434.20886692081
1,Aceh,2020,166372.0,1566633.06,64598.25,73.29,5554800,61.88,1929.1,0.019626579,30.98,11.075942599620477,-3.930870559951558,14.26443932671827,15.530172976807362,1,111157.73339725265,0.446907400786557,135833.3977710225,135069.05,182435.7462744272,0.08883870099043319,16063.74627442719,9.655318367530107,91140.48396239312,3374983.4861392323,2160.492657234222,231.39265723422204,10.710180220211527,-849.770151553927,38039.09257735932
1,Aceh,2021,184980.0,1680774.36,90034.91,73.48,5274900,60.69,2012.27,0.018446633,30.06,11.407952762991844,-3.992873418374448,14.334765173755928,15.47847027980074,1,171153.94704178747,0.4517119884361731,177399.3409157655,178478.88,195502.96722941063,0.08663215361141463,10522.967229410628,5.688705389453253,98401.49241914005,3582477.2400353523,2315.2410302928206,302.9710302928206,13.0859390589887,-846.9517650930864,40413.1643233941
1,Aceh,2022,209698.0,1778508.81,56831.55,74.11,5334900,61.45,2236.8,0.020711337,29.61,10.94784690824617,-3.8770740474739824,14.391285823970973,15.489780698399862,1,94106.37726351313,0.44863167339614174,145964.44040235874,132398.34,228851.16323658428,0.08729889976312795,19153.16323658428,9.133689036893191,105874.54695229832,3935639.2704554014,2710.1665538090724,473.36655380907223,17.466327047087464,-982.9822260733997,44370.95050384649
1,Aceh,2023,227018.0,1897523.36,95184.22,74.7,5409200,59.86,2167.46,0.023249244,30.71,11.463569450737841,-3.761482663606465,14.456060099111584,15.503611765581342,1,183987.00326153229,0.4551247041689423,203571.4729222221,196333.2,248809.2259001395,0.08866035112899487,21791.225900139514,9.59889784076131,114714.76738778883,4350767.149390348,2946.5196190267293,779.0596190267293,26.439994290079156,-808.9520448493793,49356.436339120715
2,Bali,2019,251934.0,2314305.36,32321.28,75.38,4362000,49.46,9743.45,0.002222236,13.45,10.383481115811211,-6.109241382783585,14.654620140000157,15.28844122574371,1,45184.327286549116,0.5027146591594611,149120.41853602172,147602.8,266805.0691730299,0.05850855089419066,14871.069173029915,5.90276388777613,91530.87803213504,3241201.157274488,3159.635129806798,-6583.814870193202,-208.37263163977363,-8659.496915492304,28640.42730427026
2,Bali,2020,224226.0,2254866.58,30467.13,76.52,4433300,56.69,5413.67,0.001881591,15.09,10.324403676535955,-6.275637583434671,14.628601362871404,15.304654785698613,1,41844.05007566931,0.46864748336301437,127316.8919185462,127586.555,239977.26904894202,0.0656746117049251,15751.26904894202,7.024729089820993,92503.08727962837,3234383.7392592942,2841.927299178849,-2571.742700821151,-90.49290956754012,-4318.203541696879,32889.472131126255
2,Bali,2021,220466.0,2356877.6,29779.57,76.69,4317400,57.1,4971.1,0.002042391,15.77,10.3015778669128,-6.193634098627203,14.672848250149812,15.278163927182915,1,40620.62983996932,0.46685340802987857,124582.05381757466,124368.18,236137.36318154394,0.0669676998506499,15671.363181543944,7.108290249536865,99138.63264750666,3445078.115422858,2796.453270100661,-2174.6467298993393,-77.764458042278,-3797.0521927189184,35827.187199555934
2,Bali,2022,245368.0,2558517.9,31423.24,77.4,4343400,53.43,8398.45,0.002228371,14.67,10.355303025525673,-6.10648445372387,14.754938703489696,15.284168009509289,1,43559.10571477801,0.48341873731025814,141117.3065681194,121618.01,262171.5327894632,0.06409188307852565,16803.532789463177,6.848298388324141,106595.42362660509,3827705.565646107,3104.762542947285,-5293.687457052716,-170.50216832452284,-7136.09525460034,36931.09718311245
2,Bali,2023,274358.0,2777225.31,37742.83,78.01,4374300,52.35,11820.3,0.002590522,13.73,10.538550802862632,-5.955895879176491,14.836962897315335,15.291257064972486,1,55276.11389559961,0.4885197850512946,162301.94980395352,112155.38,292900.0832734866,0.06290061063922095,18542.083273486583,6.758353419068,115286.4870390097,4224876.798253695,3468.66495266648,-8351.635047333519,-240.77376054765205,-10455.021463240875,38212.741696860816
3,Banten,2019,661321.0,2281951.56,112435.55,72.44,12714300,42.14,13407.8,0.014104364,5.6,11.630135447574181,-4.261271025938258,14.640541582184998,16.358237902235974,1,228469.08746223594,0.542652485348383,463357.2535886545,463471.78,691243.8443188812,0.04476196797942227,29922.844318881165,4.524708019083193,89199.4554207588,3218006.455293929,8186.045117292008,-5221.754882707991,-63.788493807317025,-12351.456753671775,24701.394385275034
3,Banten,2020,625895.0,2318463.73,97283.76,74.41,12431400,49.17,11309.6,0.01222986,6.23,11.48538734776884,-4.403874776609411,14.656415338956114,16.33573608787663,1,189280.18673925125,0.5041847332862761,409414.7099119591,409743.16,660329.6994233612,0.049891620439782056,34434.69942336122,5.501673511269657,90848.6999624351,3248849.3350166306,7819.94480846888,-3489.65519153112,-44.62506164687859,-10233.725599306254,27164.850737331268
3,Banten,2021,665870.0,2522148.3,96416.52,74.68,11904600,48.87,13010.5,0.015054148,6.04,11.476432835211202,-4.196101711144044,14.740621596315869,16.292435438010617,1,187089.5764257455,0.5057145746940427,429215.8147054332,430695.7,702503.9934102026,0.049775915341907846,36633.99341020256,5.501673511376478,103726.96232397083,3454688.3381670853,8319.393268232603,-4691.106731767397,-56.387606409715865,-11782.114965627145,27901.59612186031
3,Banten,2022,747221.0,2767910.12,94708.91,75.25,12023000,47.96,15738.1,0.013605167,5.9,11.458563361337534,-4.297305631923329,14.833603124094234,16.302332039957047,1,182793.51901869272,0.5104124132298897,470884.31167962943,891526.4,801809.583278009,0.04966053651042262,54588.58327800897,7.305547258175155,115167.15025427383,3785186.9575336482,9495.41826395343,-6242.68173604657,-65.74414694026781,-14374.234707368878,29087.9211883515
3,Banten,2023,814122.0,2925604.78,121868.59,75.77,12167000,46.31,15433.5,0.016185727,5.72,11.710698612045194,-4.123625474478644,14.88901177966886,16.314237926769586,1,253695.06907392896,0.5191568892119198,544644.5711640915,1054625.6,910257.7075899867,0.04912964654491002,96135.70758998673,11.808513661341511,124695.56349373599,4427809.683831296,10779.713590124906,-4653.786409875094,-43.17170740174712,-13956.794612928257,37002.77142653369
4,Bengkulu,2019,72098.2,1925444.6,20854.35,71.21,1971800,65.12,827.1,0.006217385,28.18,9.945317838559616,-5.080405878637907,14.470667460075587,14.494457389123077,1,25562.796297456025,0.4343293954134816,45774.490052904235,45927.105,70548.36705397772,0.08405931326574938,-1549.832946022274,-2.149613923818173,85142.38233195327,3239081.659151307,835.4680051063482,8.368005106348164,1.0015949210745643,181.1974176064682,37531.67717874297
4,Bengkulu,2020,73305.3,1827119.43,22446.14,72.93,2112200,69.23,739.46,0.005445375,28.35,10.018873940748232,-5.212988654445263,14.418251202681782,14.563240616294511,1,28127.871629074038,0.41935754424222094,47073.36704588439,46831.844,71729.51906238926,0.08975277338384761,-1575.780937610747,-2.149613926429258,83442.15486630975,3260028.9512902587,849.4557804922747,109.99578049227466,12.948970743189264,248.70249870945986,37867.38517955608
4,Bengkulu,2021,79602.6,1995639.99,22711.23,73.16,2010700,68.16,974.61,0.005770377,28.31,10.030614794795424,-5.15501786264162,14.50647535385423,14.513993478113738,1,28560.48353830317,0.4231550440081246,50159.21257592032,50507.758,77891.45141477503,0.0891421881036844,-1711.1485852249752,-2.1496139387720694,93642.68108901755,3445969.9251690344,922.4283742605913,-52.18162573940867,-5.656984021251179,134.35208132489026,39834.238443432805
4,Bengkulu,2022,90112.0,2182534.61,20819.56,73.68,2032400,67.54,1122.27,0.006194073,27.69,9.943648208420187,-5.084162411901609,14.595997424531213,14.524727918701714,1,25507.371929352244,0.4253871022630593,52989.3474571078,48918.94,88174.93991051771,0.08830243796230021,-1937.0600894822855,-2.1496139132216414,103455.54147564333,3864654.5237542107,1044.2104363811604,-78.05956361883955,-7.475462885562085,102.90073694591501,44644.844679149835
4,Bengkulu,2023,96583.1,2359170.15,26888.59,74.3,2059400,67.77,1009.56,0.006787082,28.26,10.199457312038344,-4.992734179412182,14.67382048380906,14.537925236204787,1,35570.595958870676,0.4245563386261357,61473.84128498485,65011.715,105404.70000633057,0.09027150488178223,8821.60000633057,9.13368902668331,111810.20774211625,4185944.939091902,1248.253618340226,238.69361834022607,19.12220520198543,314.5507500243025,48562.43172409395
5,DKI Jakarta,2019,2815640.0,13647686.78,84633.12,80.76,10504100,31.35,40298.1,0.003395794,0.08,11.346080958344052,-5.685217671972433,16.429080598567477,16.16727621510224,1,157926.55458492943,0.6146281499692686,1791432.052688845,1773996.4,2945647.2555566877,0.04132719334938278,130007.25555668771,4.617325210491672,84292.95085473878,3427155.3749553985,34883.78454548761,-5414.315454512391,-15.521009331577126,-39299.861962239986,287.93740768008865
5,DKI Jakarta,2020,2767270.0,13434067.39,66632.55,81.92,10684900,38.22,31895.3,0.002253642,0.08,11.106948475873342,-6.095207704728065,16.413304381172722,16.184342087777225,1,115729.76408257839,0.5667649059170257,1618529.7164275239,1632908.2,2893352.7339711557,0.044871636586752445,126082.73397115571,4.556213668025011,86464.43727085453,3417584.297892062,34264.48743838906,2369.187438389057,6.914410853654504,-30871.346166113908,8577.39206752917
5,DKI Jakarta,2021,2912890.0,14255372.2,62186.62,82.25,10562100,38.26,34575.6,0.003295889,0.08,11.037895143047058,-5.715079344686467,16.472644390124838,16.172782680108,1,105793.44073493383,0.5665080444142306,1696036.2230061018,1690380.1,3045607.492323288,0.04512063068647063,132717.49232328823,4.556213668325554,93489.20603343492,3604619.036209329,36067.56218753356,1491.9621875335579,4.136576183818827,-33468.45544477636,8112.048220773038
5,DKI Jakarta,2022,3188540.0,15493757.9,60636.91,82.77,10605400,36.88,45608.4,0.002814057,0.08,11.01265906255355,-5.873128064631548,16.555947784648524,16.17687386332713,1,102379.00026387861,0.5755064456721916,1878484.5479941512,1705956.9,3333816.695305885,0.04490822807724073,145276.69530588482,4.556213668509249,102471.43697855587,4054753.782779842,39480.67545895667,-6127.724541043332,-15.520819919642948,-44394.883506168866,2409.9623740656098
5,DKI Jakarta,2023,3443030.0,16759946.74,79846.19,83.55,10640000,36.23,39045.5,0.003287537,0.07,11.287857438040167,-5.717616626788737,16.634502475208865,16.18013104187777,1,146414.18723268528,0.5798446016467587,2057939.0699691544,1751767.6,3607766.911603807,0.04517612199372516,164736.911603807,4.784649323526283,110327.92613007175,4392967.979652912,42724.92688909623,3679.4268890962267,8.611897449578196,-37738.943148288796,12978.15905434161
6,Daerah Istimewa Yogyakarta,2019,141048.0,1991161.75,25826.73,79.99,3868600,51.64,3211.46,0.002145386,9.39,10.159165281095557,-6.144435789411871,14.504228820329118,15.168403242450134,1,33755.376223082254,0.4919323101141283,86536.08449586746,85148.414,150187.7864705872,0.05920456863802109,9139.78647058719,6.479912136710333,90243.61967948439,3255786.398148942,1778.5966648656101,-1432.86333513439,-80.56145406314795,-2142.7512537081357,35345.142806025
6,Daerah Istimewa Yogyakarta,2020,138118.0,2055980.41,23537.06,79.95,3759500,57.41,2823.94,0.001913543,10.18,10.066331479216597,-6.258798781440895,14.536263377301683,15.139796527800218,1,29917.863925352318,0.4655060050274648,80285.67701288963,79035.97,147488.39489624335,0.06334407045878687,9370.39489624335,6.784340126734639,93186.52674932027,3207732.7593072113,1746.6291596235342,-1077.3108403764659,-61.67942602130081,-1720.379919771973,35163.58829079937
6,Daerah Istimewa Yogyakarta,2021,149414.0,2182289.82,19832.09,80.22,3668700,55.36,2932.0,0.002165141,9.77,9.89505661182494,-6.135269792627571,14.595885259653022,15.115347933845571,1,23945.93138965123,0.47456340167046324,83488.48483040142,84639.984,159416.9378291442,0.061930847319326444,10002.937829144212,6.694779491308854,100743.83948247352,3392524.6037731012,1887.8927548581485,-1044.1072451418515,-55.30543207261278,-1738.9425542510746,37243.92300640938
6,Daerah Istimewa Yogyakarta,2022,165725.0,2307382.9,19091.01,80.65,3687800,53.38,3632.81,0.002300216,9.96,9.856972822601552,-6.074752247413109,14.651624496509147,15.120540632253201,1,22789.263002262178,0.4836525440123815,91920.49583150275,112625.25,176819.92331553713,0.061448917080897544,11094.923315537133,6.69477949346033,112123.19446732914,3728830.367472291,2093.9873559718344,-1538.8226440281655,-73.48767601865424,-2304.9927092596195,40525.80909473347
6,Daerah Istimewa Yogyakarta,2023,180696.0,2510527.21,32323.28,81.09,3712600,53.78,3593.93,0.002264089,10.23,10.383542992634277,-6.090582808459792,14.736003332876551,15.12724299775726,1,45187.96205414962,0.48178839853536326,110474.1626447501,234697.0,202306.76653671046,0.062419443828370176,21610.766536710464,11.959737092525824,121781.6940521573,4172700.3431630274,2395.814924087762,-1198.115075912238,-50.008665688917354,-2151.7320691764426,45821.21279050105
7,Gorontalo,2019,41145.5,1801562.68,15280.23,68.49,1176400,58.66,536.95,0.001543064,38.93,9.634315114963247,-6.473985228820328,14.40416500179288,13.977969485661976,1,17061.670973978198,0.46015092950487757,28143.867286338682,28415.912,40261.03059489074,0.09337958086942821,-884.4694051092592,-2.149613943467109,82469.60550318053,3369271.9930692352,476.7906660249548,-60.15933397504523,-12.617556982941553,439.6950970995922,39363.60430420527
7,Gorontalo,2020,41729.9,1755185.43,18598.53,69.51,1227800,62.12,466.16,0.001701419,38.79,9.830837824320014,-6.376292670210834,14.378085067420335,14.020734507975533,1,22027.991958077604,0.44595076703531933,30814.072961432223,28989.504,40832.86825019303,0.0974829554104697,-897.0317498069708,-2.149613945413171,85891.30015308915,3444212.2124825306,483.5626450950665,17.402645095066475,3.598839834215313,551.0064659507659,40321.872756648445
7,Gorontalo,2021,43893.3,1927747.43,20918.07,69.82,1171700,62.39,531.37,0.001767584,38.92,9.948368657708844,-6.338141636570336,14.471862744533897,13.973966243656246,1,25664.381319680728,0.4448794376723908,33774.052411556906,34514.25,42949.76351819597,0.09840226857036427,-943.5364818040325,-2.149613908737854,95267.29818038172,3623715.57291005,508.6319463479828,-22.738053652017186,-4.470433643674604,596.8315854702547,42382.42867737517
7,Gorontalo,2022,47566.3,2060470.36,18528.04,70.62,1183500,64.97,596.37,0.001852967,37.99,9.827040539265038,-6.290967140795941,14.538444844799502,13.983986707936175,1,21919.51938015068,0.4348960598416979,33073.20321934757,41519.625,48192.05681086605,0.10009860954157075,625.7568108660489,1.315546533714098,104240.08506873807,3959578.712443773,570.7137280008229,-25.65627199917708,-4.495471326587764,638.0916829736285,46294.882995492844
7,Gorontalo,2023,51366.7,2206532.32,23815.83,71.25,1198400,63.73,565.7,0.002067027,37.75,10.078105764611688,-6.18164393595853,14.60693275521646,13.996497891745092,1,30379.3265294811,0.43963773850347315,39606.16793918781,46703.64,52930.020571194465,0.09949212066409474,1563.3205711944684,3.043451440708608,110596.99263636021,4334628.2750475425,626.822994542444,61.12299454244396,9.751236804428551,744.0432678769785,50767.07195573804
8,Jambi,2019,216928.0,2251310.92,78653.79,71.26,3566200,57.06,1853.48,0.0201286,27.89,11.272811095500872,-3.905613589687407,14.627023235628105,15.087011161082083,1,143578.11734969667,0.4670278348589576,177834.55423102644,177778.75,234277.62590094653,0.07782875585923361,17349.62590094653,7.99787298133322,84477.02632261226,2926529.4264812195,2774.429358552803,920.949358552803,33.194190211178714,-853.0620512036934,32803.90193424892
8,Jambi,2020,205082.0,2162621.16,77951.23,72.29,3724300,62.74,1751.91,0.016582162,30.99,11.263838653707165,-4.099427739706114,14.58683154396434,15.130389472673635,1,141913.12640819966,0.44349831470640405,169928.41538806498,170532.36,224677.8328738048,0.08821068515653004,19595.832873804786,9.55512081694385,86406.21190471038,2966575.7437649076,2660.7439500204773,908.8339500204772,34.157136766710785,-728.6456991609559,33379.719861026024
8,Jambi,2021,232294.0,2415731.92,87993.21,72.62,3548200,62.01,2074.22,0.018736288,31.53,11.385014931392519,-3.977293100767546,14.697512871615396,15.081950990608686,1,166125.61939551472,0.44638871529327745,195662.4378065875,195758.8,253244.04872803082,0.08897642549911154,20950.048728030815,9.018764465733431,92121.51626282683,3154038.08437329,2999.03894350923,924.8189435092304,30.837176873304717,-983.272290883089,35277.42988814898
8,Jambi,2022,276937.0,2658027.55,74378.79,73.11,3586400,59.98,2463.16,0.019089809,30.2,11.21692609953281,-3.9586006465328785,14.793094883137654,15.092659471823367,1,133516.99379712073,0.45462811420258226,198719.7607560584,165423.84,302231.56439170433,0.08583788316592814,25294.564391704334,9.133689030972509,102658.17421417811,3464345.2650632826,3579.172881341285,1116.0128813412853,31.180748132039447,-1247.4320731869368,38563.298137401376
8,Jambi,2023,293780.0,2840792.32,94776.88,73.73,3633200,59.73,2311.19,0.021918807,31.83,11.459280776642556,-3.820410243565908,14.859593557143548,15.105624360610195,1,182964.0790705481,0.4556639023056594,233458.89403885754,255016.94,320073.32578413194,0.08915216118527387,26293.325784131943,8.950005372772804,110426.33213773639,3914416.9719201727,3790.4636797053345,1479.2736797053344,39.026193223419334,-1003.46777658216,44045.23574380729
9,Jawa Barat,2019,2123150.0,2359019.13,303193.67,72.03,49023200,50.2,33954.6,0.037994345,8.78,12.622127055223713,-3.2703179461193934,14.673756467725308,17.707804213411393,1,829638.4525046608,0.499001996007984,1475103.2965642111,1471792.6,2240667.903519564,0.05103898269915263,117517.90351956384,5.535073052754814,80749.999935277,3175812.291558918,26535.076878916425,-7419.523121083574,-27.961189466079112,-32998.319306690035,3654.9106183091935
9,Jawa Barat,2020,2082110.0,2282408.92,278559.68,72.61,50345200,55.59,29637.1,0.032251568,9.23,12.537387606236278,-3.434188616767238,14.640741987040633,17.734413839913096,1,743098.5863655105,0.4735296903115825,1377160.2463875245,1377795.0,2196083.899969453,0.05460961465772492,113973.89996945299,5.473961508731671,84654.80121973027,3178392.272094009,26007.091468890336,-3630.0085311096627,-13.957764309983975,-28634.576754584432,8002.964000065236
9,Jawa Barat,2021,2204660.0,2459198.36,275015.78,72.96,48274200,54.61,33158.7,0.037598628,8.55,12.524583756820617,-3.2807877186137433,14.715345984882706,17.692407814417045,1,730832.0784902463,0.4779657776503202,1435271.3871174108,1436341.9,2329852.3901575506,0.05369153422165929,125192.39015755057,5.67853501934768,92444.55786424126,3371340.1770180487,27591.24285765358,-5567.457142346419,-20.17834851104597,-32063.92667544264,6766.346742373062
9,Jawa Barat,2022,2422780.0,2685163.91,246863.22,73.63,48738800,54.61,38052.8,0.039264496,8.57,12.41658969704336,-3.237434578096587,14.803252330616772,17.701985985423285,1,635105.6994474628,0.4779657776503202,1489552.8366965486,1345447.9,2560986.2187125976,0.054273053831841035,138206.21871259762,5.704447729987767,105975.54312767007,3720617.241488798,30328.441842113843,-7724.3581578861595,-25.469024086691373,-36797.78618034357,6008.555270386321
9,Jawa Barat,2023,2625230.0,2920016.44,336715.86,74.24,49306800,55.15,37173.9,0.042446049,8.44,12.7269947082869,-3.1595214447614004,14.8870998043656,17.71357256053579,1,950813.5204662356,0.4755111745126011,1747017.2672725907,1632717.6,2768934.079706572,0.05492134261721006,143704.079706572,5.473961508384865,114018.97798909651,4088318.39722909,32791.061344813905,-4382.838655186097,-13.36595546297945,-35823.631920627864,11241.95082981712
10,Jawa Tengah,2019,1360960.0,1982365.0,197918.38,71.73,34552500,57.99,17592.4,0.030083393,13.53,12.195610002467513,-3.503781987059722,14.499801134333925,17.35799046446032,1,476523.8803102835,0.46300583387350686,886022.9634150694,887509.56,1439891.1473955668,0.05990451849416866,78931.1473955668,5.799666955352604,81884.87955148933,2926194.2770882337,17051.88985542986,-540.5101445701403,-3.1697961290667425,-16622.679511432023,17061.012932463862
10,Jawa Tengah,2020,1347220.0,1807966.26,196639.83,71.88,37892300,62.75,16380.1,0.025574344,14.3,12.189129060275485,-3.666165617522291,14.407713158255707,17.450258483184687,1,472525.92495818745,0.4434589800443459,860416.8673270622,860794.75,1439822.593376271,0.06366196630452772,92602.59337627096,6.873605897794789,86419.46537240097,2878485.80649146,17051.078005458912,670.9780054589119,3.9351060692121513,-15356.678745163656,17708.326067131253
10,Jawa Tengah,2021,1419740.0,1949996.81,189655.15,72.17,36516000,60.38,17391.4,0.028818281,13.86,12.1529627020344,-3.5467453362687706,14.483338294641156,17.41326107866711,1,450823.69700864796,0.45298061242978793,889723.9973308765,888251.8,1505221.2789324366,0.06204309273092237,85481.2789324366,6.020910795810261,92497.69524012067,3085422.08891097,17825.560982738632,434.160982738631,2.435609084948577,-16295.997396845894,19147.665965356988
10,Jawa Tengah,2022,1559140.0,2130041.39,174139.72,72.8,36811100,60.16,20533.0,0.030780714,13.56,12.067613244479626,-3.4808669539593557,14.571651969421692,17.421309988092627,1,403478.0360028348,0.4538852578068265,928015.9644692315,841330.7,1663520.9853202882,0.06215673590391915,104380.98532028822,6.6947795143661395,102635.15490913634,3427323.2496897127,19700.222940592157,-832.7770594078429,-4.227246878977761,-19317.54467897025,20055.025461766134
10,Jawa Tengah,2023,1695620.0,2316139.69,260920.13,73.39,37180400,60.39,19915.2,0.034706222,13.23,12.471969624146915,-3.360836299745797,14.655412431054753,17.431292298672,1,682515.5741716358,0.45293957786031347,1141390.6651347503,949643.06,1809138.0204297085,0.06245247923923636,113518.02042970853,6.694779516030038,110923.71550391837,4108708.629810887,21424.69054930783,1509.4905493078295,7.045565236211063,-18601.587521342102,28742.121860971314
11,Jawa Timur,2019,2345550.0,2928265.67,323260.78,71.5,39744800,60.64,25484.5,0.040644476,11.36,12.686214644879282,-3.2028923439813566,14.889920884236851,17.497989572897183,1,901719.8399122552,0.45191612436731743,1554209.9701037523,1553994.4,2481584.0882577673,0.05862650473831375,136034.08825776726,5.799666954776801,81582.03937044647,3326407.531060477,29388.123273414232,3903.6232734142322,13.282996117501721,-24518.365891847152,13908.43253973531
11,Jawa Timur,2020,2299810.0,2787589.63,333027.39,73.04,41814500,63.64,23263.3,0.033649236,11.88,12.715980017832303,-3.391764927458211,14.840687848493664,17.548753727294727,1,937295.7410463439,0.4399859204505456,1536782.8313990613,1538135.0,2453777.20878199,0.0623334864993369,153967.20878199022,6.694779515785662,86261.91696798381,3374979.755647579,29058.82070988239,5795.520709882392,19.944101544050056,-22241.744509838907,16704.84839906647
11,Jawa Timur,2021,2454790.0,2985091.45,302854.97,73.48,40665700,62.64,25258.0,0.039425911,11.48,12.621009323038843,-3.2333320392344973,14.909140940855464,17.520895543255094,1,828433.8202329618,0.4438920454545455,1550360.3915073927,1550228.5,2619132.778016329,0.061702898160974816,164342.7780163288,6.694779513372989,95336.43278340598,3580399.0817431514,31017.041620307395,5759.041620307395,18.567346592258012,-24128.979689004485,17142.82376421061
11,Jawa Timur,2022,2731420.0,3310863.26,302047.42,74.05,40921100,63.86,28999.8,0.04019236,11.11,12.618339303898226,-3.214078351170148,15.01271951697527,17.527156380406822,1,825563.2905511685,0.4391357807834183,1662493.1647162975,1544868.2,2914282.5466447226,0.062492587748233346,182862.54664472258,6.694779515589788,109685.93355293886,3953072.94736153,34512.34843888898,5512.548438888978,15.972684236918994,-27700.84593599471,17814.408567649556
11,Jawa Timur,2023,2953550.0,3629214.16,401884.91,74.65,41230000,63.11,28360.8,0.044295805,11.04,12.903921033079003,-3.11686530167452,15.104526697956322,17.534676704683083,1,1196698.9590271467,0.44204756431792064,1973310.6825585999,1555133.6,3151283.6603689063,0.06255477829892404,197733.66036890633,6.694779515122693,111765.78089548672,4307450.899870904,37319.03066215898,8958.230662158978,24.00445698404088,-27037.21537425719,22650.12428766261
12,Kalimantan Barat,2019,212150.0,1829379.47,120164.33,67.65,5045700,60.11,2863.6,0.039602923,20.09,11.69661550163499,-3.2288523503144444,14.419487379882767,15.434046953383634,1,249092.66774086197,0.4540913631822723,232317.3213868242,230312.97,226063.46279161892,0.06517136989144127,13913.46279161892,6.55831383060048,83034.47002973591,3218785.1645792443,2677.153252058129,-186.44674794187085,-6.964365891214304,-1880.265503005503,35254.81623859819
12,Kalimantan Barat,2020,213950.0,1629415.04,130631.59,68.76,5695500,63.01,2588.82,0.036343051,20.91,11.780136350189432,-3.3147522624662127,14.303731637207633,15.555186947322104,1,277661.31787368935,0.4424387222369701,249472.9638016208,249037.48,229579.97443867294,0.06914603365305108,15629.974438672944,7.305433250139258,88478.97240547578,3171191.998254529,2718.7974898113516,129.97748981135146,4.7806977275225515,-1541.009063243604,34965.97486242117
12,Kalimantan Barat,2021,231321.0,1762352.86,156731.99,68.99,5414400,60.87,2987.61,0.042501218,21.28,11.962292555562339,-3.1582225446388925,14.38216032649566,15.504572628953987,1,351850.0733696522,0.4509786236132407,297494.0377560272,298060.12,257933.77915381483,0.06854160814583299,26612.77915381483,11.504696570486393,95335.11351363338,3386817.9700364573,3054.5770074918946,66.96700749189449,2.1923496224729635,-1858.605312437474,37120.732279839496
12,Kalimantan Barat,2022,255797.0,1894228.6,107669.09,69.71,5474700,58.77,3668.97,0.041812874,21.1,11.586817821023326,-3.174550996440121,14.454322242382569,15.515648037645017,1,215958.87629547072,0.4596855750666545,234271.8871001638,218108.08,273942.546092595,0.06775295911034454,18145.546092594974,7.093729047875845,104560.52703641294,3735512.4369909414,3244.160595845142,-424.80940415485793,-13.094586152699081,-2430.7134877104663,40568.78140528656
12,Kalimantan Barat,2023,274469.0,2025905.3,164214.13,70.47,5549700,59.69,3519.14,0.047524889,20.8,12.008926525891246,-3.046501726223207,14.521527220348851,15.52925443020759,1,373840.5308432018,0.45583006655118974,328543.9993256515,329789.44,295539.20281384466,0.06871915250773425,21070.202813844662,7.676714971033036,111187.31143670682,4149568.7707540616,3499.9186872275245,-19.221312772475358,-0.5491931239037329,-2202.405890362999,45622.06748253417
13,Kalimantan Selatan,2019,180558.0,1718740.36,63015.29,70.72,4216300,56.82,3579.98,0.012819526,14.31,11.051132674339872,-4.356785801652088,14.357102231654016,15.254468524167017,1,107629.77312400166,0.46807713911252574,141765.80892066818,141877.77,191029.76262501732,0.05924480605681721,10471.76262501732,5.799666935288007,84093.04282669544,3191249.9749380234,2262.2671701834065,-1317.7128298165935,-58.24744518171847,-2584.109370138545,34212.351157958765
13,Kalimantan Selatan,2020,179162.0,1708497.14,68692.08,73.09,4273400,60.82,2892.71,0.01111948,14.4,11.137389187721952,-4.499056753843033,14.351124676553056,15.267920321291024,1,120401.35401044395,0.4511820970943873,146913.10549463273,147112.45,190248.8632742636,0.06384517791163578,11086.863274263596,6.188177891664302,89208.40015748295,3262299.37792152,2253.0193810423216,-639.6906189576785,-28.39259281745443,-1836.2608257579316,35741.02267373307
13,Kalimantan Selatan,2021,197882.0,1859604.12,64860.66,73.45,4073600,59.63,3384.41,0.012677332,13.58,11.079996555572718,-4.367939762207004,14.435874184326334,15.220037687345224,1,111745.0969039668,0.4560795402718234,151030.37606844422,151213.31,209976.1040221158,0.06250105452421129,12094.10402211579,6.111775715889161,97351.13573593038,3442548.963246583,2486.6389410989063,-897.7710589010935,-36.10379633580204,-2231.5305987531183,37383.92575189583
13,Kalimantan Selatan,2022,251099.0,2089254.05,56391.61,74.0,4116900,57.3,4760.88,0.013292008,11.42,10.940075667555204,-4.320592326624187,14.552317646356478,15.230611010925834,1,93160.44321091822,0.4659832246039143,166757.16119278298,155740.28,265661.9057150388,0.059159500149096475,14562.905715038825,5.799666950102878,106815.77683170872,3776493.8000736753,3146.097233273664,-1614.782766726336,-51.32653719815511,-3495.9157249914424,39962.19259826434
13,Kalimantan Selatan,2023,269192.0,2265738.65,83834.76,74.66,4170200,55.25,4671.2,0.015712206,11.37,11.336602997601663,-4.1533174164580124,14.633411378525688,15.243474554255558,1,155992.62517128716,0.4750593824228029,209769.05026806286,229252.7,284848.9977802926,0.05859329918512439,15656.997780292586,5.816293864710907,115349.49978595602,4328899.016318715,3373.3200904559494,-1297.8799095440504,-38.474851918621944,-3305.17523570669,46593.723293029114
14,Kalimantan Tengah,2019,150046.0,1948832.62,125398.41,70.91,2649800,51.02,1970.57,0.041875277,20.08,11.739251227674735,-3.173059673933412,14.482741094863375,14.789994723416159,1,263288.7742283692,0.4949514947535142,207239.09385400312,208111.27,173812.41534662436,0.06304408331798413,23766.41534662436,15.839419475777,89563.77260116195,3288628.592678788,2058.3709868331052,87.8009868331053,4.265556957164024,-909.912332790786,36974.96601444599
14,Kalimantan Tengah,2020,152187.0,1905562.28,137735.88,72.62,2809700,55.8,1654.24,0.03505967,21.72,11.833093217224008,-3.3507038119691703,14.460287683096752,14.84858827404467,1,297449.96236191783,0.47258979206049156,228800.16918520804,227627.6,183576.55684214807,0.06977322092994219,31389.55684214807,20.625649261860783,91042.36805493388,3246974.757778514,2174.0026896987406,519.7626896987406,23.908097821662125,-576.072087753123,36798.01108380352
14,Kalimantan Tengah,2021,169656.0,2089641.07,163630.52,72.81,2670000,55.5,1944.52,0.040220844,22.17,12.005366238319255,-3.2133699102730207,14.552502872350429,14.797589030376432,1,372114.25511495373,0.4739336492890995,276162.4754396202,278622.38,215594.9435390966,0.07039349424859699,45938.943539096595,27.077700487513905,100251.86832110626,3418381.5144379754,2553.179965906368,608.6599659063681,23.839289593136705,-757.2887155347635,38537.61309281531
14,Kalimantan Tengah,2022,199741.0,2217748.11,131205.77,73.17,2700100,51.5,2728.82,0.041228293,20.49,11.784522133183629,-3.1886305350122366,14.612002874167388,14.80879936732574,1,279248.9304455828,0.4926108374384236,240082.4622457883,253361.38,220956.46200864084,0.06607487434610368,21215.46200864084,10.621485828468286,111153.84244771571,3741195.5631380784,2616.6736699727394,-112.14633002726077,-4.285835536703708,-1412.4822463756611,41576.23374357149
14,Kalimantan Tengah,2023,208783.0,2369108.94,169242.94,73.73,2737200,51.86,2823.92,0.04790043,21.5,12.039090476462837,-3.0386307975700704,14.678024467731568,14.82244605806048,1,388791.20603531296,0.4908698213233851,300430.6101020158,437104.7,306795.11070788006,0.0681803840472971,98012.11070788006,46.94448815654534,120171.95023491669,4067727.8652304956,3633.2166118512855,809.2966118512854,22.27493426104624,-1400.7854367905124,45348.08775574878
15,Kalimantan Timur,2019,652480.0,2527097.09,169368.02,76.61,3619700,41.76,6414.51,0.031435628,7.95,12.03982925943483,-3.4598133796148374,14.742581806684893,15.101901707439627,1,389164.78742319916,0.5448997384481256,532645.1778857105,532822.8,687378.4469799268,0.04986498243912635,34898.44697992678,5.348584934392899,83938.42155361046,3269795.184046571,8140.269205834714,1725.7592058347136,21.200271909898735,-5420.470470303804,32307.99164814702
15,Kalimantan Timur,2020,607744.0,2282578.25,184797.71,75.94,4045900,47.14,5139.85,0.02937537,8.8,12.12701704633805,-3.527598710852459,14.640816173448512,15.213214580635729,1,435871.2906979653,0.5147210212065061,524337.7871474376,525044.06,639229.6254213123,0.05274151647898993,31485.62542131229,5.18073817615843,87603.92484207785,3236257.4310691566,7570.067490676389,2430.2174906763885,32.10298314604917,-4102.401801216063,33185.48129898286
15,Kalimantan Timur,2021,696633.0,2558085.5,195029.73,76.6,3766000,46.49,6215.83,0.034134284,8.49,12.180907287463267,-3.377453003870187,14.754769685112768,15.141523988199236,1,467502.3186563243,0.5181884133070784,586235.1828617734,585927.4,733217.7229663271,0.052643781345207925,36584.7229663271,5.251649428942801,96487.89792754204,3427561.4149777372,8683.120161329904,2467.2901613299036,28.414787720178392,-5073.173479874587,34375.015930706526
15,Kalimantan Timur,2022,921451.0,2758095.61,163228.12,77.36,3803500,44.26,9363.24,0.034204861,7.05,12.002904010591097,-3.375387510510805,14.830051003159463,15.151432253419493,1,370925.06032666675,0.5304476978569913,662950.2776369433,525131.4,972146.2256024526,0.05072465738000055,50695.22560245264,5.501673513019427,106239.21298488024,3775273.9442701326,11512.627459602596,2149.387459602596,18.669825521104727,-8105.103673915584,35345.386473750594
15,Kalimantan Timur,2023,843571.0,2967183.5,229689.79,78.2,3856800,44.67,9840.83,0.039542791,8.02,12.34448493840762,-3.230371876983196,14.903123744343999,15.16534838207355,1,578278.3080688452,0.5281504172388296,718392.7540026968,646516.2,890263.2710432159,0.05257944738763507,46692.27104321588,5.535073045803599,114809.734202219,4110553.709108582,10542.929767727215,702.0997677272153,6.659437017937851,-8481.197401738325,38838.34218557102
16,Kalimantan Utara,2019,96509.9,1917325.57,50505.98,71.15,695600,46.69,551.41,0.013009905,15.87,10.829847024094432,-4.34204428855971,14.466441840680288,13.452530061462266,1,80723.19576679058,0.5171165580721895,88886.76192317149,88349.49,99732.76560113276,0.05602003210845701,3222.8656011327694,3.339414506835847,83184.73464169825,3197963.102068307,1181.0838180955373,629.6738180955373,53.313220319186804,433.704003464125,37320.42126782342
16,Kalimantan Utara,2020,100423.0,1802018.56,69475.66,71.0,739800,50.93,470.59,0.013377919,16.47,11.148731754385661,-4.314149767020949,14.404418016764415,13.51413515838049,1,122189.86621177354,0.4953928465272961,111406.71639914422,111735.84,106612.82485734661,0.05879720410282966,6189.824857346612,6.163752185601518,85993.11508940285,3217229.1727045896,1262.5608192202337,791.9708192202338,62.72734011414678,547.7822078450745,37629.3994275781
16,Kalimantan Utara,2021,111530.0,1970088.82,72042.49,71.57,701800,50.74,559.19,0.014568757,16.22,11.185011362823605,-4.228875974699842,14.493589185992231,13.461403742131251,1,128090.82804490173,0.4963271788763152,119871.23898151988,120532.56,118534.56319131158,0.058924500598779274,7004.563191311579,6.280429652390908,98468.33474980998,3396745.374063707,1403.743831091463,844.553831091463,60.16438415510549,606.9198142303405,39666.717416849475
16,Kalimantan Utara,2022,138675.0,2112077.46,70952.36,72.21,710000,49.0,828.19,0.01397011,14.1,11.169763944896161,-4.270835231728518,14.5631825992721,13.473020249017498,1,125576.85518790028,0.5050505050505051,132192.0798404759,122116.62,141008.14150997958,0.056188522668799826,2333.141509979585,1.6824528645967802,110323.65634409372,3747365.2696964014,1669.8868536667844,841.6968536667844,50.404424217039775,478.31628683320264,43549.928403259924
16,Kalimantan Utara,2023,147279.0,2273411.1,84018.59,72.88,720100,51.38,927.2,0.016414945,14.23,11.33879336286392,-4.109563078628163,14.636791948777592,13.487145370236957,1,156437.44325042528,0.49319392385085814,151920.55468738265,170281.9,156018.51497074525,0.05817644695857515,8739.514970745251,5.933985816542243,116935.23575986591,4292519.80465142,1847.646981857591,920.446981857591,49.81725356064448,457.60381937383636,49906.90301088477
17,Kepulauan Bangka Belitung,2019,75795.0,2766625.32,21164.33,71.3,1451100,46.82,1171.67,0.005569154,17.93,9.960072496418054,-5.190512121677397,14.833138839408733,14.187832447479185,1,26057.85035636084,0.516422226812642,51743.21993064258,52120.777,74165.70008245163,0.058527175515749055,-1629.299917548371,-2.1496139818568123,86179.87950110639,3374837.741235176,878.3062185945795,-293.3637814054206,-33.40108212769417,-151.0860373406514,38794.79659546447
17,Kepulauan Bangka Belitung,2020,75519.8,2636859.29,25226.81,72.74,1531500,52.93,977.82,0.004815514,20.45,10.13566259685969,-5.335912489689002,14.785099104033085,14.241758205254968,1,32739.62803254455,0.485767026134266,53520.82494668788,53630.71,73896.41583946889,0.06645062184341101,-1623.3841605311172,-2.1496139562487153,88468.40291624586,3312787.274069632,875.1172238851876,-102.70277611481242,-11.735887868696167,69.86576773476361,38253.81484550986
17,Kepulauan Bangka Belitung,2021,85961.3,2874023.95,25553.59,72.96,1455700,50.93,1216.04,0.005533084,19.65,10.148533094567675,-5.197009933543956,14.87122367891972,14.190997442552753,1,33292.024295211966,0.4953928465272961,59384.00671113787,58832.355,84113.46390411117,0.06446333237175457,-1847.836095888837,-2.1496139494037863,97234.0629607599,3512518.5785398274,996.1124661721043,-219.92753382789567,-22.078584627400648,-64.54703138095078,40380.90989773961
17,Kepulauan Bangka Belitung,2022,95286.4,3090710.92,25129.93,73.5,1471800,49.63,1422.57,0.005922067,19.18,10.131814845018438,-5.129069735621381,14.94391169360902,14.201996699474636,1,32576.270782700736,0.501856870420556,64047.77997536321,89769.69,99676.21053875153,0.06364921282849409,4389.810538751539,4.6069644133386705,110269.21543928256,3890782.343094506,1180.4140655963736,-242.15593440362636,-20.514490758908686,-116.70842878585563,44653.962997582545
17,Kepulauan Bangka Belitung,2023,102527.0,3248424.93,30453.96,74.09,1492000,51.07,1247.3,0.006065538,19.49,10.323971313943455,-5.105132034831865,14.993680799908413,14.215628059745843,1,41820.53734164278,0.4947066389630949,71852.42744669731,93787.79,105917.50624274171,0.06546884640676395,3390.5062427417142,3.3069398721719296,119624.68708186783,4208587.410258607,1254.3265186954209,7.0265186954209184,0.5601825832980828,169.35360732292384,48592.834857752176
18,Kepulauan Riau,2019,267632.0,3975136.81,35191.6,75.48,2241600,29.57,2832.33,0.004427191,3.07,10.468562696744364,-5.419989981821283,15.19556972308836,14.62270045456488,1,50468.85132204791,0.628377529219555,186929.29412583832,184732.3,278181.6870872033,0.03970153071028321,10549.687087203318,3.9418631132313466,85967.83567354488,3278503.531121546,3294.3625610787267,462.03256107872676,14.024945722046937,-1814.2571632675263,35993.30012102771
18,Kepulauan Riau,2020,254095.0,4156666.51,31281.23,77.69,2183300,35.41,2227.57,0.004265907,3.17,10.350773516136787,-5.457100459451902,15.240223991297652,14.596348051651209,1,43303.367601230064,0.5854115443156539,166703.22265261158,162461.44,266252.55470526486,0.043495012300368424,12157.554705264862,4.78464932614371,90368.49779138979,3277911.6886304487,3153.0919853025052,925.5219853025051,29.35283809088466,-1157.3823864941685,36591.05123498225
18,Kepulauan Riau,2021,275623.0,4520488.23,34370.02,77.87,2064600,35.2,2548.32,0.004373385,3.07,10.444939951746532,-5.432217970179699,15.324130561461887,14.540447061013626,1,48942.53094678321,0.5868544600938966,181970.97522684,195486.22,288810.59401126794,0.043446212700561954,13187.594011267938,4.784649325806605,98673.42838427091,3461356.706026049,3420.235235885147,871.915235885147,25.4928440809276,-1379.7813674029355,38442.74617070894
18,Kepulauan Riau,2022,308740.0,4979345.1,34572.95,78.48,2089900,36.32,3105.09,0.004640935,2.99,10.450826863379637,-5.372839424423419,15.420808934329063,14.552626775906342,1,49318.52430870307,0.5792400370713624,199585.82950523746,203505.81,323512.12628854474,0.044253391757991846,14772.126288544736,4.784649312866728,107001.178081063,3829141.345022991,3831.1876243883103,726.0976243883101,18.952285702902355,-1837.9301134073537,42241.460379385724
18,Kepulauan Riau,2023,331645.0,5367782.23,38836.53,79.08,2121500,33.67,3302.86,0.004871617,2.92,10.567116577528441,-5.3243293641441385,15.495925388628926,14.567633943624516,1,57367.410771339564,0.5975857535556353,221271.7906139716,291422.8,347393.41785754956,0.04352049209107194,15748.41785754956,4.748576899259619,115787.26214099536,4188202.521340995,4114.001470543727,811.1414705437269,19.71660623729729,-1931.6510414191666,46295.86710886295
19,Lampung,2019,356677.0,2171203.02,91606.56,69.57,8457600,68.49,3599.4,0.020195152,28.79,11.425258163818462,-3.902312703379587,14.590791958997663,15.950576003392108,1,175048.03949827616,0.42197653810448144,251691.1994703092,252011.03,389254.76808172907,0.08550668989787137,32577.768081729067,9.133689046876885,87563.45524492432,3247178.797913666,4609.743898374755,1010.3438983747551,21.91757114166297,-2562.4310618285085,34855.26742612008
19,Lampung,2020,353025.0,1954479.67,91766.54,71.04,9419600,72.26,3294.01,0.016093943,29.73,11.42700302214925,-4.129312288957024,14.485634562523801,16.058303182805965,1,175445.554411527,0.40896450188123673,248069.24392096302,248786.22,385269.2057579603,0.09200077557637296,32244.205757960328,9.133689046940113,87472.03556784171,3206729.8612687476,4562.544934842142,1268.5349348421414,27.803231594606338,-2258.123698017398,34681.64148544569
19,Lampung,2021,371199.0,2127813.3,93334.47,71.25,9007800,71.31,3696.77,0.018369843,28.34,11.443944771980547,-3.997044926334902,14.570605390632329,16.01360142662845,1,179352.4811994574,0.4121671750061825,258425.31888824754,258348.5,405103.1623852026,0.08914699612727416,33904.162385202595,9.133689041512126,92763.63106266003,3397188.3603773694,4797.4282761397435,1100.6582761397435,22.942672881925596,-2598.2180557566344,36534.3834757906
19,Lampung,2022,414120.0,4764940.9,67670.41,71.79,4438600,71.51,4280.26,0.018151383,27.87,11.122404288022754,-4.009008522827116,15.376795692055433,15.305849569370766,1,118078.58874984179,0.4114887663566784,239896.30385565947,369314.44,451072.99377029494,0.08923210153533279,36952.99377029494,8.923257454432274,102600.68881645569,3735774.107430125,5341.825332034645,1061.5653320346446,19.872707661714305,-3065.2128431687734,39960.590233635805
19,Lampung,2023,448851.0,5186085.04,109223.95,72.48,4496600,70.67,4151.67,0.021346205,27.29,11.601155640589635,-3.8468813068636596,15.461489642940903,15.318832113609039,1,220021.9177383437,0.4143531946631308,314837.97900529334,401397.72,490344.37329715886,0.08850996469175432,41493.37329715886,9.24435353762359,111528.65766042423,4157825.0853156876,5806.896069759585,1655.2260697595848,28.50448931537557,-2830.893502700623,45087.31276698625
20,Maluku,2019,46152.8,1529662.61,32124.2,69.45,1768500,61.98,561.93,0.007593942,23.35,10.377364919163707,-4.880404454810331,14.240557752711446,14.385642287627672,1,44826.48866872888,0.446508305054474,45418.69769322929,45712.223,49340.04437718837,0.07255903225724426,3187.24437718837,6.90585268323562,88007.26478280767,3346648.855078709,584.3087539663194,22.378753966319437,3.8299535672555383,480.29474613340915,39070.71012340319
20,Maluku,2020,46263.5,1409775.05,43217.77,71.34,1945600,66.56,543.89,0.00721835,24.0,10.674007032246623,-4.931128884050741,14.158940710619557,14.481080970753984,1,65919.47864251283,0.4289636238846946,57487.77881302036,57612.4,50706.12229194186,0.07878750462122916,4442.622291941858,9.602866821450728,89215.33658212834,3420332.8009801763,600.4865116936626,56.59651169366259,9.425109572242187,512.6413187494901,39961.35117515485
20,Maluku,2021,48893.7,1532627.51,44322.84,71.55,1848900,64.41,566.81,0.008184203,23.07,10.69925539879055,-4.80554944614386,14.242494147246422,14.430101425618444,1,68119.04614548561,0.437024735600035,59717.09432943561,60802.652,53551.40867296949,0.0761568279059754,4657.708672969493,9.52619391244576,97160.35070776951,3624868.5366179985,634.1817740502615,67.37177405026159,10.623416945584138,583.810032341011,42360.6426332251
20,Maluku,2022,54078.6,1668498.71,38745.24,72.04,1869500,63.3,714.61,0.008291683,23.4,10.564763188526523,-4.792502314758284,14.327434804023731,14.441181573399305,1,57192.16879253132,0.44130626654898497,55818.13137305589,58925.33,58289.01742741523,0.07644181374913893,4210.417427415232,7.785736737665605,104694.84090142309,3998762.167585141,690.2868364399087,-24.323163560091302,-3.523631376999132,525.2371222716512,46640.6724899684
20,Maluku,2023,58487.8,1773600.34,54174.53,72.75,1895100,65.42,725.94,0.008771191,23.85,10.899966150778555,-4.736282677941705,14.388522128984716,14.454782165554901,1,88427.30753596504,0.43320048518454346,75457.49834519869,73297.234,64307.590192783355,0.0794332826951715,5819.790192783352,9.950434437238794,112253.99190096231,4320792.58346072,761.5616963955225,35.62169639552246,4.677453785309875,603.426257435342,50442.98298046034
21,Maluku Utara,2019,39695.5,1443176.61,24686.91,68.7,1235700,61.69,476.07,0.003911268,21.92,10.114028422623722,-5.543893660882472,14.182357221119249,14.027148169092282,1,31831.6724820166,0.44766765153550003,35352.05367907247,35935.49,40829.220821299954,0.0696037353669634,1133.720821299954,2.856043685808099,83327.4284504999,3180962.3035947564,483.51945047174183,7.449450471741841,1.5406723482320814,510.7338528080414,37194.42956052756
21,Maluku Utara,2020,42298.9,1333800.53,34981.52,69.3,1355600,66.13,474.97,0.004360636,21.03,10.462575201030464,-5.435137360699782,14.103542966541188,14.119754718715033,1,50077.539592713074,0.43055196762249204,46728.43101064424,47029.246,45351.86407994826,0.07188250213883456,3052.9640799482586,7.217596864098732,84582.52597143376,3204028.147352113,537.078787121158,62.108787121158,11.564185480881237,526.6973268446019,37468.686477899
21,Maluku Utara,2021,52480.5,1482351.18,35360.11,69.56,1282900,63.56,593.02,0.005396219,17.97,10.47333962760647,-5.2220567558412245,14.209140020329492,14.064633698237431,1,50783.23856317336,0.4402958788305741,51530.53577910618,51462.707,55858.999146954375,0.06646008796239761,3378.4991469543747,6.437627589208134,99863.5583269508,3403190.9767452967,661.5093804912083,68.4893804912083,10.353501025238831,589.6127290382669,39709.21937234287
21,Maluku Utara,2022,70902.6,1586783.11,32931.7,70.26,1299600,65.63,858.63,0.005632493,14.34,10.40219099869627,-5.179203128446042,14.27721932350214,14.077567082777083,1,46296.81336955422,0.43241373346017475,56936.69343114974,63637.965,72666.7465449938,0.06380416188964726,1764.1465449937969,2.4881267330024524,108006.91900365349,3789873.5659569805,860.5548832485916,1.924883248591641,0.2236793127389172,420.44035876002624,44022.89228006579
21,Maluku Utara,2023,85143.1,1705606.12,50662.58,70.98,1318500,66.08,937.82,0.006455623,12.77,10.832942850012545,-5.042803745010763,14.349431101127337,14.092005284775478,1,81048.72683943753,0.43073742246726393,82812.32658123734,73074.71,85671.28082997304,0.06283288530534223,528.1808299730328,0.6203448429444463,116813.0661167615,4173195.016345145,1014.5608903344229,76.74089033442283,7.563951169961543,445.5370271620351,48483.18095042596
22,Nusa Tenggara Barat,2019,132500.0,1357226.73,36146.14,68.14,5152400,71.02,2004.86,0.007120987,22.92,10.49532544456907,-4.94470893957011,14.120954006658481,15.45497318350407,1,52255.644443996905,0.41315485043794414,85408.98916222657,84672.23,142260.11845796634,0.07654478035725311,9760.118457966339,7.366127138087802,84520.61684769882,3267776.7086116318,1684.7133723638553,-320.14662763614456,-19.003032378554717,-1003.9258310478427,36693.73788232783
22,Nusa Tenggara Barat,2020,133614.0,1211487.48,42173.89,70.46,5646000,73.47,1792.2,0.006254578,23.18,10.649556588158514,-5.074441603366376,14.007359484888992,15.546457887795572,1,63857.139904049,0.40495666963634885,92105.64565279403,92434.875,144824.18834656978,0.08143783102890029,11210.188346569776,8.389980351287871,89377.21063800027,3266349.9908877136,1715.0783325215546,-77.12166747844549,-4.496684846170211,-733.751690111164,36889.501998547275
22,Nusa Tenggara Barat,2021,140115.0,1333637.21,45267.33,70.86,5320100,73.89,1973.71,0.006603606,22.79,10.720340859234055,-5.020139415515662,14.103420511949086,15.487002658133648,1,70012.09072038668,0.4035838243603196,98304.49094623755,98030.31,151870.62097080168,0.08162947242150569,11755.620970801683,8.389980352425995,98358.67806313749,3486515.769846105,1798.5256078238876,-175.1843921761124,-9.740444696146163,-808.8987934779107,39315.302016060734
22,Nusa Tenggara Barat,2022,156943.0,1420366.8,45057.46,71.65,5387200,75.36,2401.15,0.00689296,21.39,10.71569384311203,-4.977254678083999,14.16642570608035,15.499536327388947,1,69590.41419365768,0.398851308232291,104431.10731999077,98487.086,170110.48691208268,0.0814977217983189,13167.486912082677,8.389980382739386,108332.15362755739,3890334.259651236,2014.530953485677,-386.61904651432314,-19.191516806697305,-1118.2280549627662,43670.076575958585
22,Nusa Tenggara Barat,2023,166395.0,1495026.49,51954.93,72.37,5474000,72.3,2554.23,0.007943527,22.23,10.858131890966044,-4.835397895804496,14.217654483713488,15.51552016858276,1,83746.6603056599,0.40883074407195424,117535.84251920859,100725.99,179852.1179063161,0.0814506252880112,13457.117906316096,8.087453292656688,116711.12882523859,4210434.258707151,2129.896076068985,-424.33392393101485,-19.922752508853918,-1172.0801637220493,47307.77613349493
23,Nusa Tenggara Timur,2019,106732.0,1178477.28,38658.78,65.23,5437200,72.26,1397.79,0.014293121,27.92,10.562529195099355,-4.247976906408491,13.97973372242832,15.508774780443229,1,57026.312740051726,0.40896450188123673,77354.174370981,76144.586,115490.0253253506,0.08150073882279009,8758.025325350594,8.205622798552069,91133.49310240994,3263479.231692519,1367.6889359384825,-30.10106406151749,-2.200870627125656,-318.5429407110405,37249.915074761426
23,Nusa Tenggara Timur,2020,106482.0,1106361.98,54114.62,66.93,5656000,76.1,1301.11,0.012639358,28.51,10.89885966862199,-4.37093968269258,13.916587695040143,15.548227486558545,1,88300.20276401204,0.39651070578905634,95509.48001856715,96586.88,109613.98794636522,0.08749527422400283,3131.987946365218,2.9413308788013164,92935.8868342841,3237114.8687251485,1298.102049211606,-3.0079507883938277,-0.23171913103601427,-200.51811930032022,37034.37549188439
23,Nusa Tenggara Timur,2021,110881.0,1198249.96,59315.39,67.02,5325600,75.97,1329.4,0.013612261,29.17,10.990624079138918,-4.296784348269294,13.996372683639862,15.48803593926863,1,99487.9108300516,0.3969199015638644,104010.05466189585,104369.01,115945.30886479176,0.0886108076896568,5064.308864791761,4.567336933101037,102944.59414217394,3427840.5008817,1373.0806245960475,43.68062459604744,3.1812133835111127,-110.28014937837747,39264.75100144273
23,Nusa Tenggara Timur,2022,118722.0,1260826.04,61837.06,67.63,5394400,75.24,1646.4,0.013629145,29.6,11.03225814008716,-4.29554476451492,14.04727765142577,15.50087193640251,1,105021.00910111878,0.3992334717342702,110490.90326387876,110913.25,123746.81961294144,0.08956742469648958,5024.819612941443,4.232425003741044,115222.16459368722,3754346.721233112,1465.4699015382819,-180.93009846171822,-12.34621729670453,-281.8832008589277,42814.3961409836
23,Nusa Tenggara Timur,2023,128523.0,1318350.42,72898.65,68.4,5481800,74.51,1706.65,0.016259547,29.31,11.19682539930676,-4.119075035029161,14.091891831240893,15.516944072143957,1,130073.26307190166,0.4015741707493374,129450.71746435943,128102.02,137781.79383224624,0.0895248740812705,9258.793832246243,7.203997597508806,125650.97293135434,4266359.03511831,1631.6788784767564,-74.97112152324371,-4.594722804356733,-218.63019063559,48817.64448027553
24,Papua,2019,189511.0,2623216.12,162149.52,60.84,3347100,79.29,2047.83,0.058970631,12.76,11.996274151509066,-2.8307157386708592,14.779911649659903,15.023604857249381,1,367741.8625868408,0.3867275117951891,298815.08457352157,299013.78,235448.63620748665,0.06066326541267431,45937.63620748665,24.240089602971146,84797.52700014124,3305204.1542570717,2788.297030982634,740.4670309826342,26.556246438410597,-1043.6165266171993,37094.0018600285
24,Papua,2020,199187.0,1853527.35,220692.18,61.22,4542600,79.92,1457.09,0.053891336,12.28,12.304524158902982,-2.920785556102612,14.432601057331336,15.329010093319454,1,549004.2820910963,0.3848522167487685,414376.32562130864,416295.53,292377.75241424376,0.06080091686367832,93190.75241424376,46.78555950651587,87187.68424547956,3278488.5074790763,3462.4792571046933,2005.3892571046933,57.917726235899224,-424.5711243939925,37368.36220376148
24,Papua,2021,235487.0,2008039.59,209602.18,61.4,4303700,80.47,2318.53,0.061859856,10.84,12.252966632138296,-2.7828838395649744,14.512669475734855,15.274985675792188,1,513413.4451207217,0.38322986127079023,406903.7321136236,405043.22,307310.7859004204,0.05958194110181459,71823.7859004204,30.500106545338124,95651.12759290556,3462567.3966791774,3639.323487777483,1320.7934877774828,36.29228048051549,-1185.7829203252222,38686.873757062946
24,Papua,2022,262520.0,2184420.52,214568.31,62.16,4356800,84.11,1958.28,0.064131629,10.3,12.276383428190558,-2.746817604615833,14.596861143099918,15.287248400901632,1,529283.016353785,0.3728282752963985,429826.2210537384,403282.06,321345.114979376,0.0616743943341274,58825.11497937603,22.407860345640724,107195.91857826375,3808859.6854020874,3805.524824650807,1847.2448246508072,48.54113190078347,-688.8139019172243,43148.0851219331
24,Papua,2023,2879010.0,2321808.85,265516.79,63.01,4429700,84.43,1943.75,0.064817867,14.46,12.489433356835994,-2.736173988320503,14.65785711657663,15.303842419637917,1,698187.854164491,0.37194078702670536,1509324.5594518187,433422.6,3081252.653154273,0.06793040528276324,202242.65315427305,7.0247290962613205,117194.94467871681,4310665.939691803,36489.68948338397,34545.93948338397,94.67315280694534,-555.8705815527694,49105.24834972345
25,Papua Barat,2019,84357.0,2124593.54,61405.81,64.7,963600,52.25,555.21,0.01357965,10.61,11.0252597350657,-4.299182930379597,14.569091066751085,13.778431549722853,1,104069.86893874843,0.48899755501222497,94430.32422542402,94966.75,88299.50073574354,0.04811353366601715,3942.500735743539,4.6735904972243425,90928.57948779762,3406963.302207198,1045.6855461322648,490.47554613226475,46.90468831154967,521.6103728046598,39791.703081457286
25,Papua Barat,2020,83588.6,1703993.2,92168.44,65.94,1205800,57.98,512.83,0.014408058,10.85,11.43137305159765,-4.239967645575219,14.348484995753108,14.002653805037442,1,176445.10387378407,0.4630487127245786,133448.01928692352,133753.48,104671.94510119986,0.051969843297931514,21083.345101199855,25.222751788162324,91089.23732767132,3450723.202178294,1239.575979092346,726.7459790923459,58.628594886494234,565.8929609238334,40352.309056900944
25,Papua Barat,2021,85078.5,1914315.32,76839.3,66.11,1134100,57.92,569.81,0.015655337,10.98,11.249471507002372,-4.156943397766668,14.464870581417877,13.941349942803422,1,139287.17287488462,0.46330615270570785,114171.96120193957,112875.62,96297.57551321106,0.05221153068619658,11219.075513211064,13.186734031760155,96555.00281003074,3550821.9463487463,1140.402629717057,570.592629717057,50.03431374571853,573.6412087149138,41480.74697085142
25,Papua Barat,2022,91302.0,2015602.34,72058.89,66.72,1149400,60.28,728.69,0.01631225,10.45,11.185238980353303,-4.115838919687162,14.516428636732538,13.954750625055778,1,128128.7360863863,0.45339136742836417,111431.81185425614,126591.625,105744.90745205575,0.053311647514245865,14442.907452055748,15.81882921738379,106196.64126742154,3917790.191363097,1252.282520040883,523.5925200408828,41.81105394841647,528.9421711429982,45667.68304572867
25,Papua Barat,2023,97680.9,2095722.07,103703.17,67.47,1168400,58.55,709.85,0.015160385,8.26,11.549287962699289,-4.189069503312014,14.555408715440048,13.971145849495723,1,205675.39760326242,0.4606172270842929,155931.27157688636,184387.95,134681.8478146161,0.05084379815037021,37000.94781461611,37.879409193215984,114984.38826953035,4452235.302652054,1594.9678130979469,885.1178130979469,55.49439968815169,651.8509364995901,52015.68146020751
26,Riau,2019,760248.0,3474016.47,158708.01,73.0,6835100,52.22,4402.48,0.047369837,22.93,11.974821377830594,-3.049769603048808,15.06082196670459,15.737581658611068,1,357627.74460944673,0.48914106828409315,554565.8464439963,553798.9,816777.8766457941,0.06954020311634852,56529.87664579414,7.435715272620795,92044.28045553999,3218038.2850377467,9672.680059258513,5270.200059258514,54.48541693689097,-3312.4469548013526,33707.0913285507
26,Riau,2020,727599.0,3522242.54,154794.5,73.67,6728100,55.97,4054.47,0.039029019,26.75,11.949853709790807,-3.2434498326174044,15.074608429948912,15.72180334378249,1,346206.2367428261,0.4718316504671134,526159.4137066714,527698.25,787987.4470695435,0.07820276118660996,60388.44706954353,8.299688024522233,93697.21901178668,3232863.4328970336,9331.729818045684,5277.259818045684,56.5517853703879,-2944.8620541223027,34230.66792526481
26,Riau,2021,839002.0,3902165.02,160149.45,73.89,6394100,54.57,4813.55,0.042918354,26.88,11.983862720751045,-3.1484557123744206,15.1770420904037,15.670886248141809,1,361856.0105126973,0.478148608587549,590002.7014791803,588990.7,908636.5485693226,0.07767432362818581,69634.54856932256,8.299688030460304,108587.40711209126,3415902.0899742674,10760.515038131234,5946.965038131234,55.26654641583063,-3527.605219305113,35639.22054486404
26,Riau,2022,991615.0,4267012.54,124890.98,74.45,6466800,54.02,5697.33,0.042146385,25.52,11.735196475731621,-3.166606363336866,15.266424500998722,15.682191953709589,1,261904.58372075608,0.4806767929244376,612659.4463814194,452324.97,1072417.3911539651,0.0759446314975463,80802.39115396515,8.148564831508715,118915.74999999844,3763302.0032328684,12700.087271236707,7002.757271236707,55.13944212884763,-4289.071969701306,38869.518937099725
26,Riau,2023,1026470.0,4559321.52,188798.16,74.95,6555800,52.13,5810.98,0.04906354,26.3,12.148433786883336,-3.014639086211943,15.332684380946633,15.695860711974182,1,448177.230354847,0.4895721139723881,731293.2440849718,643280.3,1110112.5734256124,0.07636202070687893,83642.57342561241,8.148564831472173,128416.74999996914,4366192.88237414,13146.491916017747,7335.511916017747,55.79824612435296,-4290.206516148461,45895.59535638857
27,Sulawesi Barat,2019,46365.8,1426004.27,11018.17,65.73,1359200,71.91,377.72,0.003485819,41.5,9.307301007211144,-5.659052255205909,14.170386874341798,14.122406849339859,1,11153.085031565197,0.41013862685587726,25595.179596586444,28142.285,45369.11431000763,0.10567011937256186,-996.6856899923732,-2.14961391800071,84577.7383766756,2962916.289390536,537.2830727183612,159.56307271836113,29.698138806245737,623.8906298236942,34710.572826115
27,Sulawesi Barat,2020,46465.9,1339564.48,15691.28,68.4,1503200,72.63,370.68,0.003613054,42.94,9.660860423024161,-5.623201880900093,14.107855104172923,14.223106727081392,1,17660.727420888048,0.40773057163826143,29405.47690270814,29849.57,45467.062546311754,0.11353355494670334,-998.8374536882475,-2.1496139183535616,87276.4795664987,2905137.179554148,538.4430232743546,167.76302327435457,31.157061383052547,662.8904328965948,34033.36456286472
27,Sulawesi Barat,2021,50565.5,1511626.27,17937.59,68.64,1419200,72.8,426.09,0.003885239,43.83,9.794653789910992,-5.550570778393203,14.228696629242686,14.165603890537453,1,21015.804745620648,0.40716612377850164,33047.439621182275,30706.305,49478.53696738786,0.11597597154638052,-1086.9630326121405,-2.1496139316572376,94316.46119458394,3100909.073792074,585.9488504403802,159.8588504403802,27.282048649849806,690.8513123714033,36296.38035732298
27,Sulawesi Barat,2022,54028.4,1609881.44,16353.53,69.19,1436700,77.25,470.64,0.004285008,44.19,9.70219905516256,-5.452632859956307,14.291671094497554,14.17785937499881,1,18635.784055923603,0.39292730844793716,32542.509377761085,35515.973,52866.99801945197,0.12225628742053157,-1161.4019805480348,-2.1496138707569257,102911.31764063849,3450350.157177251,626.076650895103,155.43665089510296,24.827095959077038,748.0857741388392,40390.08127693167
27,Sulawesi Barat,2023,58572.1,1666872.3,18819.49,69.8,1458900,73.35,457.04,0.004329701,44.72,9.84264831394116,-5.442256792469798,14.326459554119578,14.193193285059987,1,22368.811453710525,0.4053506282934739,37043.83721223889,32699.549,57313.02600438748,0.12043838196744315,-1259.073995612518,-2.149613887179251,109975.5737869182,3789591.054713512,678.7286722860309,221.6886722860309,32.662340834866995,845.3441242403644,44421.13664479658
28,Sulawesi Selatan,2019,504321.0,2593344.29,80571.34,71.66,8819500,60.55,5734.3,0.01131626,21.35,11.296898282133498,-4.481514649490048,14.768458832413272,15.992475737033669,1,148145.15964239737,0.45228403437358666,309237.80566573644,310969.0,540320.4406020509,0.07127591366589703,35999.44060205086,7.138199797757948,81743.11519296195,3345817.746368095,6398.736915945755,664.4369159457547,10.38387614108602,-4766.258353774658,33888.497730652234
28,Sulawesi Selatan,2020,504053.0,2453258.52,93254.54,73.08,9463400,64.22,5209.06,0.010341992,21.72,11.443088022647999,-4.571542778553176,14.712927707006763,16.06294228449029,1,179152.83424677525,0.43775170723165824,321378.43648509815,323019.47,545037.3731865204,0.07582047397782558,40984.37318652042,8.130965034732542,84822.7558163239,3406925.1935595376,6454.597121094836,1245.537121094836,19.296899523351918,-4204.5477547305145,35137.40178035469
28,Sulawesi Selatan,2021,544857.0,2675465.18,89466.64,73.38,9073500,63.24,5822.63,0.011402309,22.54,11.401621097348917,-4.473939400231276,14.799633822258976,16.020868635197214,1,169750.93274853862,0.4415400918403391,335375.3001326173,333067.25,589348.511820044,0.07669115489231257,44491.51182004402,8.165722716243714,93863.20674647366,3577120.4676250964,6979.3511323367375,1156.7211323367374,16.57347668005147,-4711.05634680175,36539.36682446544
28,Sulawesi Selatan,2022,605176.0,2923560.38,72523.46,73.96,9156900,63.55,6712.54,0.012101217,22.13,11.191665374706938,-4.414449252924724,14.888312739711077,16.030018251423055,1,129203.64742916242,0.44033465433729635,338790.7687725519,283990.38,655403.7199983334,0.07697626335349772,50227.71999833337,8.29968802436537,102779.65352917278,3917349.667206429,7761.608969167681,1049.0689691676807,13.516127562403831,-5495.373456175679,39678.61614484575
28,Sulawesi Selatan,2023,652648.0,3148967.07,99335.92,74.6,9260100,62.77,6874.83,0.013124008,21.69,11.506262516748846,-4.333312054313215,14.962585042740455,16.04122540570012,1,194487.15241989147,0.4433803316484881,397626.6609683124,347736.53,705829.4453888914,0.07653344206410795,53181.445388891385,8.148564829569905,112456.77850544345,4264807.572705969,8358.774884657352,1483.9448846573523,17.753138529680392,-5543.0622451667305,43631.09130934665
29,Sulawesi Tengah,2019,185740.0,2175624.29,55153.96,69.5,3042100,62.97,1271.72,0.010937569,23.2,10.917883826274297,-4.515551718746875,14.592826211204782,14.928058624370863,1,90511.2189085837,0.44259537930424003,132659.03739641953,134204.44,199388.9393501087,0.07305603160855692,13648.939350108703,7.348411408478897,83389.94431120186,3170047.4349052394,2361.2605983020203,1089.5405983020203,46.14232749597853,-284.1758040258551,36269.520387695804
29,Sulawesi Tengah,2020,197441.0,2072111.18,71565.21,70.31,3121800,67.37,1295.19,0.012397214,21.76,11.178364341009317,-4.390283509034253,14.544078539223113,14.95392031650645,1,126988.74722672201,0.4260032376246059,157001.63500608556,156533.52,211949.77696832482,0.07485791375045295,14508.776968324819,7.348411408129425,85653.38902810881,3160017.2005988113,2510.0121341005247,1214.8221341005246,48.3990542354833,-280.8409930674967,36127.26748460849
29,Sulawesi Tengah,2021,247280.0,2277014.88,79404.98,70.54,2985700,67.32,1532.36,0.013588851,18.8,11.282316365671408,-4.298505601854791,14.638375879938884,14.909344783179284,1,145363.29767317086,0.4261847937265598,188798.64643162175,186696.33,265456.1545036403,0.07093226140165804,18176.15450364031,7.350434529133093,92171.11321297148,3359824.7996661845,3143.6606275616737,1611.3006275616738,51.25555263296507,-440.8249397263287,38256.31605448955
29,Sulawesi Tengah,2022,323630.0,2487957.44,72479.52,71.01,3015000,67.87,1876.6,0.015368246,15.82,11.191059318178375,-4.175451846356125,14.726972626585571,14.919110388143423,1,129101.89139161797,0.4241961482989734,211619.965799178,167717.92,346364.1307624394,0.06778702262853999,22734.130762439396,7.024729092617926,99229.19421767107,3740822.2347851996,4101.812153172632,2225.212153172632,54.24948949579505,-701.4797186486583,42424.03260801224
29,Sulawesi Tengah,2023,347139.0,2700849.94,97739.77,71.66,3051200,66.1,2048.75,0.016745845,15.77,11.490063817639466,-4.089605111184451,14.809077074030357,14.931045513828291,1,190434.40368133888,0.43066322136089574,257921.30993399225,236603.83,371524.574305994,0.06730508385685409,24385.57430599403,7.024729087193898,109386.90404467632,4315015.608614159,4399.774337879773,2351.024337879773,53.435111833774606,-753.3371885731697,49051.759240324966
30,Sulawesi Tenggara,2019,129225.0,1985533.91,34130.49,71.2,2663700,62.55,1140.65,0.008634248,23.73,10.437946398668482,-4.752018658610684,14.501398408229058,14.795226691688528,1,48499.58072088645,0.44424700133274103,84361.60616696088,84836.055,138720.98464052763,0.07544343703898489,9495.984640527633,7.348411406869904,86725.5680216384,3202735.125025198,1642.8012318886888,502.1512318886887,30.566767430005974,-113.60372901664027,36787.69387990224
30,Sulawesi Tenggara,2020,130107.0,1921124.08,48617.21,71.61,2793100,64.59,1045.11,0.008439281,24.13,10.791732862430923,-4.774858163576569,14.468421031023428,14.842662648081575,1,76820.96278719914,0.4363382494109433,100071.69898267905,100058.18,140731.17686253702,0.07791426965072548,10624.176862537017,8.165722722479972,89196.80525776117,3203381.096470202,1666.6069038798987,621.4969038798988,37.29115140667184,11.201861811682193,36890.883787292725
30,Sulawesi Tenggara,2021,139477.0,2132030.43,52048.19,71.82,2624900,62.81,1385.09,0.009816634,23.61,10.859925299182953,-4.623676985232212,14.572585337149128,14.780553358044124,1,83942.13762137163,0.44322311851786195,108556.47251128759,105427.375,149726.34375824535,0.07615803772947267,10249.343758245348,7.348411392735252,103868.43706845389,3397883.804149501,1773.1320362930433,388.04203629304334,21.88455390520687,-155.02955303459294,38854.29925849159
30,Sulawesi Tenggara,2022,158800.0,2317862.83,46702.57,72.38,2659900,62.39,1587.46,0.010735976,23.27,10.751554474262692,-4.534154934224758,14.65615612511706,14.793799086066247,1,72911.4470904839,0.4448794376723908,111121.4982113648,111647.41,170469.27727422753,0.07601920087408244,11669.277274227527,7.348411381755369,112952.57080214222,3755054.4003804303,2018.779923102269,431.31992310226906,21.365376095055353,-249.82083214376053,42881.7168209363
30,Sulawesi Tenggara,2023,176180.0,2506652.25,61597.86,72.94,2704600,61.84,1633.05,0.010892857,23.02,11.028382408658414,-4.519648025664684,14.734458655911586,14.810464585021396,1,104493.19670277314,0.4470672389127324,136542.01791934454,146165.89,189295.7531929256,0.07592258237341502,13115.753192925593,7.444518783588144,122201.97411820573,4191596.0986925536,2241.7321888427778,608.6821888427778,27.152315154870948,-185.87490864062488,48005.86549901961
31,Sulawesi Utara,2019,130127.0,1908139.88,24248.61,72.99,2494100,54.81,1659.35,0.002343702,20.83,10.09611457513517,-6.056023548455271,14.461639440672121,14.729438500649241,1,31098.941473453666,0.47705371624844956,78340.64480641155,77490.875,139516.4071172537,0.06835558019440331,9389.407117253693,7.215571800820501,83099.43484888866,3221453.3818797995,1652.2210109367086,-7.128989063291328,-0.4314791432926777,-675.2461580847607,36490.66456295883
31,Sulawesi Utara,2020,132230.0,1764650.73,28259.47,73.67,2701800,60.46,1384.78,0.002518599,21.51,10.249183901639439,-5.9840524844385845,14.383463342081829,14.809428775517718,1,37945.99280529475,0.45265254390729676,80623.88851175195,81010.24,142192.0541711271,0.07365221266494255,9962.054171127093,7.533883514427204,87075.40518200246,3201992.542093768,1683.9073220423636,299.12732204236363,17.763882734327716,-353.5907875612015,36534.76985239664
31,Sulawesi Utara,2021,142620.0,1934408.25,29974.92,74.03,2621900,60.7,1600.09,0.002527308,21.09,10.308116311001411,-5.98060057434678,14.475312023721909,14.779409803753154,1,40967.37585106599,0.4516711833785005,86880.93689394495,89202.64,153364.82464859117,0.07361992657517206,10744.824648591166,7.533883500624854,96252.80855222732,3410504.860012692,1816.220693026217,216.13069302621716,11.90002370615526,-460.2175223637014,38788.76392797555
31,Sulawesi Utara,2022,157039.0,2151070.28,27483.69,74.52,2639500,59.15,1867.42,0.002518065,20.9,10.221348016797586,-5.984264529554956,14.581476080891377,14.786100063245808,1,36597.402082798806,0.45808520384791573,91769.9160164686,92915.61,168424.50863296483,0.07287121319470623,11385.508632964833,7.2501153426631815,106687.82940491619,3802916.966760627,1994.5647803717127,127.14478037171261,6.37456259244774,-603.9709405220731,43168.56856333054
31,Sulawesi Utara,2023,171969.0,2386722.66,34278.97,75.04,2660800,58.14,1781.81,0.002896985,20.45,10.44228732558586,-5.844084737978435,14.685431710887372,14.7941373874208,1,48774.04750472837,0.46236360273719257,105734.90957947946,93380.01,184756.12516562003,0.07215399253686905,12787.125165620033,7.4357152542725915,113186.72495028385,4278513.786379387,2187.9717103189305,406.16171031893055,18.563389480923693,-441.39786506876635,48886.4269443284
32,Sumatera Barat,2019,245950.0,2035115.73,54961.02,72.39,5479500,62.13,2605.19,0.015680234,22.15,10.914379485675981,-4.155354340701841,14.526063245020678,15.516524413885584,1,90099.81993274865,0.4459109961651654,159595.1289790571,160148.16,264023.4178170545,0.07424069898920786,18073.41781705449,7.348411391361859,83700.45943820807,3094101.8883916903,3126.6934643037534,521.5034643037534,16.679072325367233,-1613.968533175394,34036.66636377021
32,Sumatera Barat,2020,241894.0,1868881.58,59182.87,74.29,5836200,66.28,2462.1,0.013895991,22.36,10.988387420891854,-4.276154897711937,14.440850724344758,15.579590458085587,1,99199.05438799171,0.42999656002751974,160557.39013446931,161368.0,261970.44732465342,0.07963161820187682,20076.447324653418,8.299688014028218,86633.54811576879,3108155.8746389807,3102.381191271038,640.2811912710381,20.63837909643581,-1436.1434734061613,34346.190490372064
32,Sumatera Barat,2021,253100.0,2050350.83,64263.43,74.56,5534500,64.77,2786.16,0.015280805,21.69,11.070746008151671,-4.181157813385402,14.533521473057762,15.526511785807816,1,110409.33045955925,0.4356539165287096,172573.07949695608,170970.84,274106.5103647684,0.07787620265667274,21006.510364768386,8.299688014527216,94461.25864385435,3281580.691701532,3246.10234034047,459.9423403404703,14.169064684886948,-1667.5039259531934,36075.91135019444
32,Sumatera Barat,2022,285375.0,2265377.95,45805.27,75.16,5597300,65.26,3110.86,0.015024857,21.2,10.732154428984932,-4.198049316077039,14.633252168320963,15.537794896579994,1,71095.61010712896,0.4338018393197987,164050.4035709807,121617.49,309060.2346749333,0.07819589154419074,23685.23467493331,8.299688015745357,105267.21935922615,3658536.9480589395,3660.0413093049433,549.1813093049432,15.004784451715244,-1864.2344942125308,40215.31030333277
32,Sumatera Barat,2023,312769.0,2391297.97,67099.06,75.64,5677600,64.19,2942.48,0.01666227,21.04,11.113925313919768,-4.094608397023441,14.687346860173129,15.55203916619291,1,116784.19480676921,0.43786671337244937,202599.41732766893,163914.42,338727.8512370224,0.07777231862940183,25958.851237022376,8.29968802439576,113367.8081668141,3977772.0144489114,4011.3796245691956,1068.8996245691956,26.646683301234315,-1599.9233897252477,44164.226908421835
33,Sumatera Selatan,2019,453403.0,2911792.51,152702.71,70.02,8497200,60.52,4722.41,0.040702759,14.48,11.936248238266009,-3.201459400133349,14.884279432326002,15.955247255427865,1,340136.68259280175,0.4524068041983352,391379.1352743066,391307.06,480142.66002303094,0.060832865788767974,26739.66002303094,5.897548102467549,88345.01863141161,3314334.979904662,5686.082429505072,963.6724295050717,16.947915220232776,-3676.1854088539594,34527.553529226876
33,Sumatera Selatan,2020,454607.0,2787474.68,154463.55,71.62,8837300,65.26,4613.36,0.033563459,15.17,11.94771342515579,-3.394317333564473,14.840646611301185,15.994491958096372,1,345244.30173720233,0.4338018393197987,392686.04139658017,392189.78,483747.0047242995,0.06598096646006738,29140.004724299477,6.409933134399487,91002.90908229165,3259594.215321561,5728.76682891832,1115.4068289183206,19.470278023672446,-3535.659380059573,33988.33682520455
33,Sumatera Selatan,2021,493637.0,3037482.97,157500.13,71.83,8467400,64.16,5099.58,0.038204604,14.71,11.96718156264431,-3.2647992470717786,14.926539760030861,15.951734053743094,1,354093.4516986727,0.4379817799579538,415210.9833653368,416151.12,526929.551557501,0.06495155403498598,33292.55155750096,6.7443387666445105,100341.47153852344,3503702.5525437077,6240.155508269931,1140.5755082699307,18.277998148577435,-3911.287590742897,36392.96623881001
33,Sumatera Selatan,2022,590079.0,3390360.21,126681.65,72.48,8548600,63.28,6485.77,0.040144234,13.08,11.749432525512495,-3.215276460359515,15.036446730348965,15.961278084815586,1,266796.74608212465,0.4413841807909604,409488.4188919213,353791.5,630111.9665054467,0.06305050142090236,40032.966505446704,6.784340148598187,106595.54274184987,3933490.704189961,7462.091748305909,976.3217483059088,13.083754277445859,-5223.413843979795,40096.53613926959
33,Sumatera Selatan,2023,629169.0,3675916.18,174926.99,73.18,8647300,62.97,6197.26,0.047288888,13.1,12.072123965853518,-3.0514799370879144,15.117312960239095,15.972757691454305,1,405850.9566339191,0.44259537930424003,504690.4907430104,480379.88,672028.9557133379,0.06357567543938217,42859.95571333787,6.812153127909651,115112.19635241288,4294560.151334777,7958.493079987854,1761.2330799878537,22.13023322740065,-4834.045498147995,44661.005786643495
34,Sumatera Utara,2019,799609.0,2442762.91,151144.66,71.74,14639400,55.0,8184.62,0.036170318,20.53,11.92599267044028,-3.319516441240356,14.708640296819745,16.499227082051032,1,335631.9948389188,0.47619047619047616,556573.425868005,556618.8,857842.1542179774,0.06679060047544155,58233.154217977426,7.282703698679908,81205.86072204163,3344368.4851248376,10158.983165865016,1974.3631658650165,19.43465338636481,-7222.940781989485,31421.014875573605
34,Sumatera Utara,2020,811188.0,2261693.98,124401.82,73.62,15588500,59.62,7798.45,0.03202598,21.34,11.731272089405277,-3.4412078305746467,14.631624639149722,16.562044020882176,1,260571.82707788915,0.4561211457763182,511719.5067540937,510900.28,869092.2202451341,0.07280152296733487,57904.220245134085,7.138199806349957,86531.68701982491,3260400.4274779037,10292.211908265701,2493.761908265701,24.229601280002356,-6773.699761945215,30812.794380875635
34,Sumatera Utara,2021,859934.0,2458016.32,167977.32,73.84,14799400,59.33,9046.73,0.032441281,22.04,12.031584249272075,-3.4283235622285,14.714865208630421,16.510097197372012,1,385015.7947460043,0.457331016189518,602210.6201617162,601058.8,929015.1843220706,0.07384042128253253,69081.18432207056,8.03331236142199,98103.72533230518,3455435.034227446,11001.84873400701,1955.11873400701,17.770819989223135,-7884.938067464251,31874.208859035123
34,Sumatera Utara,2022,955193.0,2684735.54,100961.73,74.51,14970500,59.07,10505.8,0.033731798,22.98,11.522496813127436,-3.3893143256666596,14.80309278572961,16.52159215597164,1,198635.3420603591,0.4584211973961676,545457.4095122895,933997.6,1015414.9779667975,0.0757733377018895,60221.97796679754,6.304692137274618,108337.49134197323,3832074.473404376,12025.037026696064,1519.2370266960643,12.633948846255501,-9222.814843157857,34875.48590934691
34,Sumatera Utara,2023,1051000.0,2926166.24,184017.5,75.13,15180500,58.52,10187.8,0.03853133,23.59,12.12278614076423,-3.2562836023828536,14.889203673712492,16.535522267465726,1,433480.5022499736,0.4607445632141541,717999.2535170333,1016076.0,1141645.275231202,0.07700373604276634,90645.2752312019,8.62466938451017,117170.59106765113,4263508.0032360265,13519.917476002325,3332.117476002326,24.645989754869365,-8800.208988835657,40302.73117690433
